CREATE TABLE IF NOT EXISTS "sucursales" (
	"id"	INTEGER,
	"nombre"	TEXT,
	"direccion"	TEXT
);
CREATE TABLE IF NOT EXISTS "vendedores" (
	"id"	INTEGER,
	"nombre"	TEXT,
	"sucursal"	INTEGER,
	"fecha_ingreso"	TEXT,
	"planta"	INTEGER
);
CREATE TABLE IF NOT EXISTS "productos" (
	"id"	INT,
	"nombre"	TEXT,
	"precio_actual"	REAL,
	"stock"	INT
);
CREATE TABLE IF NOT EXISTS "ventas_productos" (
	"id"	INT,
	"id_producto"	INT,
	"id_venta"	INT,
	"cantidad"	INT
);
CREATE TABLE IF NOT EXISTS "ventas" (
	"id"	INTEGER,
	"id_vendedor"	INTEGER,
	"total"	REAL,
	"fecha"	TEXT
);
INSERT INTO "sucursales" VALUES (1,'Covarrubias Hermanos','377 Roybal Extramuros'),
 (2,'Trejo - Ocasio','5330 Melany Rua'),
 (3,'Gil e Hijos','562 Khalid Edificio'),
 (4,'Duran e Hijos','84759 Arenas Ronda'),
 (5,'Montenegro e Hijos','23519 Vigil Apartamento');
INSERT INTO "vendedores" VALUES (1,'Cristobal Yago',1,'2020-11-26T16:40:22.833Z',0),
 (2,'Alexa Salazar',2,'2021-03-23T01:43:53.184Z',1),
 (3,'Ana María Munguía',3,'2021-05-20T02:56:35.865Z',0),
 (4,'José Miguel Brito',1,'2021-05-05T21:48:52.119Z',0),
 (5,'Gerardo Delgado',2,'2021-09-10T13:56:49.002Z',0),
 (6,'Leticia Cadena',3,'2021-02-05T02:02:34.800Z',0),
 (7,'Ivanna Irizarry',4,'2020-11-29T07:14:11.378Z',0),
 (8,'Sra. Guillermina Moya',5,'2020-10-23T07:16:27.540Z',0),
 (9,'Sta. Dolores Villalpando',1,'2021-05-21T23:37:08.636Z',0),
 (10,'Juan Luna',2,'2021-05-18T01:39:27.352Z',1),
 (11,'Victoria León',3,'2021-03-19T17:26:04.101Z',1),
 (12,'Sta. Maximiliano Narváez',4,'2021-02-11T04:24:32.189Z',1),
 (13,'Francisca Banda',1,'2021-09-23T01:08:12.897Z',0),
 (14,'Guillermo Merino',1,'2020-12-04T02:37:43.623Z',0),
 (15,'Jorge Quiroz',2,'2021-02-20T02:36:28.466Z',0),
 (16,'Concepción Acevedo',3,'2021-01-13T11:48:09.243Z',0),
 (17,'Julio Mendoza',4,'2020-12-24T21:03:20.566Z',1),
 (18,'Pedro Rincón',5,'2021-06-11T03:40:27.534Z',0),
 (19,'Juan Manuel Ávalos',1,'2021-03-06T05:38:48.348Z',1),
 (20,'Ricardo Armenta',2,'2021-08-13T03:37:24.889Z',1);
INSERT INTO "productos" VALUES (1,'Computadora',59.0,93),
 (2,'Toallas',470.0,16),
 (3,'Auto',98.0,19),
 (4,'Jabón',677.0,48),
 (5,'Queso',668.0,66),
 (6,'Embutidos',705.0,37),
 (7,'Bike',949.0,46),
 (8,'Tocino',289.0,96),
 (9,'Sombrero',657.0,45),
 (10,'Pollo',790.0,52),
 (11,'Camisa',852.0,13),
 (12,'Ratón',417.0,15),
 (13,'Guantes',255.0,60),
 (14,'Pescado',606.0,56),
 (15,'Pelota',140.0,42),
 (16,'Presidente',689.0,61),
 (17,'Mesa',375.0,52),
 (18,'Tuna',334.0,89),
 (19,'Pizza',965.0,27),
 (20,'Pantalones',993.0,40),
 (21,'Teclado',41.0,77),
 (22,'Ensalada',3.0,34),
 (23,'Zapatos',886.0,40);
INSERT INTO "ventas_productos" VALUES (1,19,19,9),
 (2,22,7,5),
 (3,2,29,6),
 (4,20,47,1),
 (5,20,99,4),
 (6,9,2,16),
 (7,17,42,13),
 (8,22,86,1),
 (9,20,18,11),
 (10,21,77,6),
 (11,8,6,11),
 (12,0,48,4),
 (13,22,39,17),
 (14,17,6,1),
 (15,0,67,7),
 (16,17,45,2),
 (17,21,7,5),
 (18,20,73,5),
 (19,5,63,7),
 (20,18,98,11),
 (21,10,46,3),
 (22,14,45,6),
 (23,19,4,9),
 (24,7,15,1),
 (25,2,73,8),
 (26,12,94,2),
 (27,21,25,0),
 (28,9,54,8),
 (29,15,56,6),
 (30,14,39,7),
 (31,0,89,2),
 (32,9,38,6),
 (33,18,68,3),
 (34,22,81,1),
 (35,7,32,7),
 (36,17,58,1),
 (37,9,64,9),
 (38,12,81,5),
 (39,10,66,8),
 (40,9,20,8),
 (41,22,57,1),
 (42,6,64,7),
 (43,18,64,5),
 (44,17,78,2),
 (45,17,20,4),
 (46,9,57,2),
 (47,6,25,4),
 (48,14,14,8),
 (49,2,72,9),
 (50,14,28,10),
 (51,3,46,6),
 (52,2,2,7),
 (53,2,88,2),
 (54,7,29,7),
 (55,15,45,8),
 (56,22,15,16),
 (57,14,5,6),
 (58,2,24,7),
 (59,11,92,8),
 (60,17,39,7),
 (61,0,43,2),
 (62,19,74,15),
 (63,2,3,6),
 (64,22,47,8),
 (65,15,60,6),
 (66,6,90,3),
 (67,4,1,12),
 (68,7,3,6),
 (69,4,61,3),
 (70,3,47,6),
 (71,3,21,7),
 (72,2,52,6),
 (73,9,76,0),
 (74,16,19,8),
 (75,11,52,8),
 (76,3,75,18),
 (77,20,28,7),
 (78,7,85,5),
 (79,4,51,2),
 (80,11,7,2),
 (81,4,52,1),
 (82,16,9,0),
 (83,21,72,9),
 (84,14,77,13),
 (85,18,99,4),
 (86,22,18,9),
 (87,14,75,9),
 (88,21,98,9),
 (89,0,51,8),
 (90,1,62,7),
 (91,11,37,10),
 (92,22,6,7),
 (93,14,37,2),
 (94,6,6,7),
 (95,3,90,13),
 (96,3,12,8),
 (97,3,48,2),
 (98,3,40,0),
 (99,2,82,6),
 (100,3,25,4),
 (101,5,87,5),
 (102,2,20,7),
 (103,3,44,11),
 (104,7,51,8),
 (105,21,8,9),
 (106,5,90,7),
 (107,20,94,17),
 (108,13,51,15),
 (109,0,91,17),
 (110,13,18,2),
 (111,5,85,7),
 (112,20,44,0),
 (113,3,53,12),
 (114,10,37,7),
 (115,0,11,4),
 (116,21,76,9),
 (117,6,58,16),
 (118,12,37,5),
 (119,0,49,6),
 (120,6,28,4),
 (121,5,86,2),
 (122,7,93,15),
 (123,10,44,13),
 (124,17,93,9),
 (125,9,8,2),
 (126,4,32,6),
 (127,18,6,12),
 (128,15,7,5),
 (129,17,9,0),
 (130,20,85,4),
 (131,5,71,4),
 (132,14,46,9),
 (133,13,89,9),
 (134,9,34,8),
 (135,8,34,6),
 (136,1,81,7),
 (137,14,86,4),
 (138,9,65,0),
 (139,3,26,12),
 (140,21,19,0),
 (141,10,42,3),
 (142,5,91,3),
 (143,5,55,2),
 (144,2,59,0),
 (145,0,84,2),
 (146,0,90,2),
 (147,6,3,4),
 (148,12,26,6),
 (149,16,6,7),
 (150,0,77,4),
 (151,0,6,1),
 (152,2,43,2),
 (153,0,7,16),
 (154,6,53,8),
 (155,19,41,8),
 (156,11,98,1),
 (157,11,12,0),
 (158,7,62,1),
 (159,7,6,9),
 (160,2,81,4),
 (161,4,39,17),
 (162,5,82,9),
 (163,22,62,4),
 (164,11,21,13),
 (165,0,38,15),
 (166,4,96,8),
 (167,4,47,6),
 (168,15,19,7),
 (169,19,52,6),
 (170,14,61,7),
 (171,4,99,7),
 (172,22,89,6),
 (173,7,73,3),
 (174,4,94,3),
 (175,15,51,4),
 (176,4,65,2),
 (177,20,62,11),
 (178,15,14,9),
 (179,13,39,8),
 (180,0,68,6),
 (181,8,5,8),
 (182,13,77,3),
 (183,19,93,6),
 (184,19,70,9),
 (185,2,61,6),
 (186,13,73,2),
 (187,0,32,9),
 (188,4,88,5),
 (189,3,76,4),
 (190,17,95,2),
 (191,8,71,8),
 (192,17,33,7),
 (193,2,54,6),
 (194,16,37,8),
 (195,5,17,0),
 (196,11,85,8),
 (197,16,64,2),
 (198,5,33,9),
 (199,15,75,0),
 (200,0,16,3),
 (201,9,98,11),
 (202,1,39,0),
 (203,13,32,3),
 (204,0,41,5),
 (205,9,25,13),
 (206,9,66,2),
 (207,13,17,18),
 (208,5,23,3),
 (209,2,32,7),
 (210,16,50,9),
 (211,22,66,9),
 (212,8,91,2),
 (213,7,26,6),
 (214,16,47,4),
 (215,15,92,6),
 (216,6,69,0),
 (217,0,71,20),
 (218,20,79,5),
 (219,18,48,6),
 (220,3,63,1),
 (221,12,13,6),
 (222,20,11,9),
 (223,2,99,15),
 (224,0,80,10),
 (225,6,78,11),
 (226,15,6,14),
 (227,8,39,9),
 (228,0,61,4),
 (229,19,63,10),
 (230,15,5,6),
 (231,1,17,9),
 (232,8,32,4),
 (233,7,18,2),
 (234,0,21,9),
 (235,6,8,9),
 (236,19,60,3),
 (237,16,75,0),
 (238,5,19,11),
 (239,17,63,9),
 (240,13,96,7),
 (241,22,1,3),
 (242,10,95,12),
 (243,21,48,2),
 (244,4,31,5),
 (245,17,71,6),
 (246,15,31,2),
 (247,3,24,7),
 (248,7,12,0),
 (249,17,97,5),
 (250,21,67,1),
 (251,19,27,14),
 (252,11,61,9),
 (253,9,6,8),
 (254,15,88,6),
 (255,18,19,7),
 (256,15,49,1),
 (257,22,16,9),
 (258,21,52,0),
 (259,9,23,7),
 (260,18,77,1),
 (261,5,50,4),
 (262,5,83,9),
 (263,2,44,3),
 (264,5,39,3),
 (265,19,47,9),
 (266,8,44,5),
 (267,5,38,8),
 (268,20,43,6),
 (269,2,66,8),
 (270,15,9,3),
 (271,1,19,0),
 (272,10,14,8),
 (273,15,96,4),
 (274,2,45,6),
 (275,17,19,8),
 (276,13,23,7),
 (277,3,51,3),
 (278,19,95,1),
 (279,8,96,17),
 (280,20,32,8),
 (281,13,3,10),
 (282,10,13,7),
 (283,10,8,5),
 (284,6,27,17),
 (285,17,59,11),
 (286,18,60,12),
 (287,3,36,4),
 (288,12,25,10),
 (289,8,21,1),
 (290,14,98,4),
 (291,20,16,6),
 (292,5,69,8),
 (293,12,97,2),
 (294,13,20,1),
 (295,4,4,1),
 (296,13,12,4),
 (297,20,77,8),
 (298,12,55,18),
 (299,6,12,3),
 (300,15,20,8),
 (301,20,95,3),
 (302,8,49,13),
 (303,14,15,2),
 (304,7,4,4),
 (305,21,65,9),
 (306,5,73,4),
 (307,13,65,7),
 (308,17,74,8),
 (309,6,2,13),
 (310,22,33,0),
 (311,11,22,6),
 (312,1,11,19),
 (313,19,13,13),
 (314,9,45,5),
 (315,15,52,15),
 (316,18,94,14),
 (317,21,2,1),
 (318,5,53,13),
 (319,19,87,6),
 (320,14,71,5),
 (321,6,30,4),
 (322,22,43,6),
 (323,9,1,12),
 (324,2,96,2),
 (325,4,54,9),
 (326,18,56,8),
 (327,22,19,6),
 (328,4,34,4),
 (329,4,41,9),
 (330,2,67,7),
 (331,21,78,2),
 (332,7,97,8),
 (333,1,88,0),
 (334,6,67,2),
 (335,0,97,11),
 (336,1,78,8),
 (337,13,52,0),
 (338,17,53,1),
 (339,4,70,9),
 (340,16,33,8),
 (341,11,51,1),
 (342,9,43,1),
 (343,12,3,8),
 (344,16,69,3),
 (345,20,14,2),
 (346,11,96,1),
 (347,10,23,6),
 (348,19,20,4),
 (349,8,2,3),
 (350,1,4,7),
 (351,1,91,0),
 (352,13,82,9),
 (353,19,5,8),
 (354,9,32,6),
 (355,10,38,4),
 (356,21,10,7),
 (357,8,80,8),
 (358,10,64,5),
 (359,3,23,0),
 (360,20,65,6),
 (361,0,75,0),
 (362,8,68,15),
 (363,10,19,13),
 (364,18,46,7),
 (365,9,82,2),
 (366,19,7,5),
 (367,16,16,9),
 (368,21,94,6),
 (369,5,9,8),
 (370,13,16,10),
 (371,18,92,0),
 (372,8,28,2),
 (373,15,68,5),
 (374,9,96,14),
 (375,15,35,8),
 (376,6,52,10),
 (377,12,16,5),
 (378,0,23,0),
 (379,21,54,6),
 (380,15,2,3),
 (381,16,56,7),
 (382,7,76,6),
 (383,18,44,5),
 (384,17,47,9),
 (385,18,97,3),
 (386,18,85,8),
 (387,5,52,0),
 (388,20,51,0),
 (389,18,38,5),
 (390,15,3,8),
 (391,6,11,9),
 (392,20,52,3),
 (393,20,69,8),
 (394,10,22,6),
 (395,10,39,3),
 (396,1,25,4),
 (397,1,2,8),
 (398,21,74,3),
 (399,7,80,0),
 (400,20,71,13),
 (401,13,95,3),
 (402,7,31,2),
 (403,9,88,7),
 (404,5,61,1),
 (405,12,42,8),
 (406,8,12,6),
 (407,9,24,9),
 (408,20,29,9),
 (409,13,21,9),
 (410,19,51,4),
 (411,12,36,12),
 (412,6,41,3),
 (413,8,45,7),
 (414,16,61,3),
 (415,15,54,8),
 (416,14,25,0),
 (417,9,7,2),
 (418,8,69,6),
 (419,14,67,6),
 (420,5,16,5),
 (421,5,97,2),
 (422,3,50,2),
 (423,6,9,2),
 (424,11,25,0),
 (425,17,12,2),
 (426,17,70,5),
 (427,11,46,5),
 (428,10,12,5),
 (429,4,62,9),
 (430,5,4,9),
 (431,18,25,7),
 (432,2,78,6),
 (433,16,91,3),
 (434,12,40,6),
 (435,0,29,13),
 (436,10,49,3),
 (437,14,42,8),
 (438,4,37,6),
 (439,4,75,7),
 (440,13,49,5),
 (441,22,64,1),
 (442,17,99,11),
 (443,0,99,5),
 (444,9,18,3),
 (445,4,16,1),
 (446,17,27,7),
 (447,9,31,3),
 (448,1,82,1),
 (449,8,62,5),
 (450,21,82,4),
 (451,1,51,9),
 (452,12,7,1),
 (453,6,87,1),
 (454,0,56,8),
 (455,2,53,9),
 (456,16,28,4),
 (457,17,92,8),
 (458,11,80,8),
 (459,0,20,6),
 (460,13,22,3),
 (461,2,56,8),
 (462,15,37,4),
 (463,22,40,3),
 (464,13,85,0),
 (465,1,40,13),
 (466,14,35,0),
 (467,12,22,9),
 (468,8,17,1),
 (469,6,21,5),
 (470,14,54,8),
 (471,18,40,7),
 (472,6,73,3),
 (473,7,38,7),
 (474,19,64,6),
 (475,20,39,2),
 (476,14,8,6),
 (477,17,66,5),
 (478,4,83,1),
 (479,17,57,8),
 (480,7,70,6),
 (481,0,26,9),
 (482,4,72,11),
 (483,18,27,7),
 (484,8,93,9),
 (485,18,82,9),
 (486,7,2,9),
 (487,3,59,4),
 (488,19,56,8),
 (489,4,9,5),
 (490,14,56,7),
 (491,1,71,3),
 (492,17,76,13),
 (493,6,91,7),
 (494,14,91,7),
 (495,3,57,0),
 (496,8,94,4),
 (497,14,7,5),
 (498,5,99,6),
 (499,12,41,0),
 (500,11,5,7),
 (501,5,95,3),
 (502,19,10,9),
 (503,6,79,2),
 (504,11,74,1),
 (505,14,36,5),
 (506,10,84,7),
 (507,9,56,8),
 (508,22,85,2),
 (509,6,62,2),
 (510,22,32,9),
 (511,8,52,6),
 (512,20,63,8),
 (513,16,84,3),
 (514,1,92,0),
 (515,19,25,1),
 (516,19,38,6),
 (517,17,15,9),
 (518,6,42,8),
 (519,11,28,1),
 (520,1,22,7),
 (521,8,27,4),
 (522,5,48,3),
 (523,3,33,8),
 (524,5,92,9),
 (525,19,76,8),
 (526,22,10,16),
 (527,14,31,9),
 (528,9,12,0),
 (529,14,34,6),
 (530,19,33,5),
 (531,1,74,6),
 (532,11,79,4),
 (533,1,95,6),
 (534,10,61,5),
 (535,14,55,9),
 (536,21,68,3),
 (537,7,78,2),
 (538,17,25,8),
 (539,0,55,9),
 (540,1,34,9),
 (541,6,15,8),
 (542,15,28,2),
 (543,22,56,11),
 (544,9,16,3),
 (545,11,31,2),
 (546,14,16,5),
 (547,1,42,4),
 (548,1,1,9),
 (549,5,18,3),
 (550,13,88,5),
 (551,2,87,0),
 (552,11,30,4),
 (553,2,27,0),
 (554,8,23,7),
 (555,1,50,6),
 (556,4,67,8),
 (557,8,78,4),
 (558,3,30,0),
 (559,0,17,3),
 (560,11,8,5),
 (561,6,98,6),
 (562,13,31,5),
 (563,16,18,0),
 (564,7,14,0),
 (565,21,33,7),
 (566,16,93,9),
 (567,4,85,2),
 (568,5,12,9),
 (569,7,82,3),
 (570,6,81,5),
 (571,6,93,3),
 (572,17,91,4),
 (573,9,51,1),
 (574,20,89,9),
 (575,5,56,6),
 (576,2,33,8),
 (577,14,20,2),
 (578,10,17,2),
 (579,11,48,0),
 (580,22,53,6),
 (581,3,68,4),
 (582,2,92,8),
 (583,8,74,6),
 (584,20,82,8),
 (585,3,28,8),
 (586,16,24,8),
 (587,1,99,5),
 (588,12,72,8),
 (589,8,8,4),
 (590,8,25,3),
 (591,0,65,10),
 (592,3,81,14),
 (593,7,28,2),
 (594,19,92,5),
 (595,0,78,4),
 (596,16,45,9),
 (597,10,63,11),
 (598,1,85,0),
 (599,5,47,7),
 (600,1,58,4),
 (601,13,60,5),
 (602,2,79,7),
 (603,11,2,7),
 (604,8,60,5),
 (605,12,80,3),
 (606,11,42,0),
 (607,1,63,7),
 (608,18,57,6),
 (609,10,88,2),
 (610,18,61,14),
 (611,1,73,5),
 (612,2,58,2),
 (613,15,36,4),
 (614,4,82,2),
 (615,2,26,9),
 (616,7,63,1),
 (617,20,45,5),
 (618,22,72,1),
 (619,3,32,8),
 (620,3,89,5),
 (621,6,37,7),
 (622,1,55,8),
 (623,22,38,1),
 (624,19,42,6),
 (625,18,35,4),
 (626,0,69,7),
 (627,8,48,1),
 (628,0,10,5),
 (629,21,91,6),
 (630,19,91,0),
 (631,10,20,6),
 (632,8,95,0),
 (633,18,23,4),
 (634,19,49,9),
 (635,12,11,2),
 (636,14,82,3),
 (637,3,13,0),
 (638,7,79,11),
 (639,1,10,4),
 (640,0,35,5),
 (641,3,16,4),
 (642,21,43,7),
 (643,11,23,9),
 (644,21,86,9),
 (645,0,39,7),
 (646,20,17,7),
 (647,10,11,5),
 (648,10,56,1),
 (649,10,77,8),
 (650,13,90,8),
 (651,18,16,1),
 (652,20,74,5),
 (653,14,74,2),
 (654,7,53,4),
 (655,15,15,14),
 (656,9,91,0),
 (657,5,3,4),
 (658,9,63,8),
 (659,22,14,2),
 (660,9,78,8),
 (661,8,31,8),
 (662,19,77,8),
 (663,3,19,2),
 (664,3,11,8),
 (665,5,62,8),
 (666,3,15,17),
 (667,21,90,6),
 (668,18,2,9),
 (669,3,73,4),
 (670,17,89,5),
 (671,15,59,11),
 (672,21,61,3),
 (673,4,93,2),
 (674,4,86,3),
 (675,12,1,3),
 (676,20,76,7),
 (677,2,35,0),
 (678,4,11,4),
 (679,20,3,8),
 (680,14,66,1),
 (681,15,85,7),
 (682,16,27,2),
 (683,21,92,5),
 (684,16,74,7),
 (685,4,50,4),
 (686,15,64,6),
 (687,4,44,9),
 (688,11,13,8),
 (689,16,21,4),
 (690,12,21,1),
 (691,1,86,7),
 (692,5,75,5),
 (693,2,89,4),
 (694,6,18,7),
 (695,22,92,7),
 (696,12,45,7),
 (697,10,5,9),
 (698,14,73,2),
 (699,0,34,3),
 (700,5,57,8),
 (701,18,17,9),
 (702,21,47,4),
 (703,6,33,4),
 (704,16,44,8),
 (705,12,8,9),
 (706,16,92,8),
 (707,2,8,3),
 (708,21,99,9),
 (709,3,4,9),
 (710,3,3,5),
 (711,9,17,8),
 (712,17,32,6),
 (713,9,86,6),
 (714,3,67,0),
 (715,11,35,4),
 (716,2,14,4),
 (717,18,22,0),
 (718,16,68,1),
 (719,10,68,8),
 (720,17,38,1),
 (721,7,42,4),
 (722,18,55,3),
 (723,3,41,0),
 (724,20,87,3),
 (725,4,6,8),
 (726,22,46,8),
 (727,13,19,0),
 (728,2,36,0),
 (729,4,35,2),
 (730,4,8,8),
 (731,5,26,10),
 (732,4,56,2),
 (733,18,75,0),
 (734,22,5,9),
 (735,12,62,6),
 (736,8,3,0),
 (737,11,66,4),
 (738,20,15,5),
 (739,1,70,8),
 (740,6,17,9),
 (741,1,77,0),
 (742,12,29,0),
 (743,4,38,5),
 (744,7,34,0),
 (745,11,77,4),
 (746,22,45,3),
 (747,6,88,3),
 (748,4,42,5),
 (749,12,98,7),
 (750,13,26,0),
 (751,10,35,6),
 (752,21,50,6),
 (753,20,53,1),
 (754,10,36,9),
 (755,0,98,4),
 (756,8,70,5),
 (757,5,76,2),
 (758,2,16,2),
 (759,14,10,2),
 (760,9,22,6),
 (761,21,32,0),
 (762,17,84,9),
 (763,12,58,2),
 (764,9,81,5),
 (765,10,74,2),
 (766,15,69,3),
 (767,16,8,2),
 (768,6,66,1),
 (769,1,75,5),
 (770,16,30,2),
 (771,9,39,5),
 (772,18,34,6),
 (773,2,50,8),
 (774,12,23,1),
 (775,14,81,2),
 (776,6,82,1),
 (777,17,14,2),
 (778,16,52,4),
 (779,11,18,7),
 (780,22,55,2),
 (781,0,60,2),
 (782,12,78,8),
 (783,12,93,3),
 (784,3,79,5),
 (785,0,40,9),
 (786,1,90,9),
 (787,6,50,1),
 (788,13,27,5),
 (789,10,50,0),
 (790,10,32,8),
 (791,12,38,1),
 (792,21,64,9),
 (793,19,35,1),
 (794,13,84,4),
 (795,21,22,8),
 (796,12,6,8),
 (797,20,4,1),
 (798,2,85,9),
 (799,16,2,9),
 (800,4,24,9),
 (801,7,45,5),
 (802,21,36,0),
 (803,15,97,5),
 (804,16,76,7),
 (805,14,72,7),
 (806,5,45,4),
 (807,10,80,0),
 (808,9,11,1),
 (809,19,24,4),
 (810,1,36,5),
 (811,19,85,4);
INSERT INTO "ventas" VALUES (1,2,0,'2021-09-06T06:20:00.999Z'),
 (2,10,0,'2021-01-23T18:50:00.383Z'),
 (3,6,0,'2021-09-03T07:01:48.862Z'),
 (4,15,0,'2020-11-05T17:50:20.185Z'),
 (5,20,0,'2021-06-22T09:10:30.207Z'),
 (6,5,0,'2021-05-09T17:50:22.915Z'),
 (7,14,0,'2021-07-25T15:03:01.889Z'),
 (8,8,0,'2021-07-02T23:33:13.668Z'),
 (9,20,0,'2021-05-13T12:43:16.872Z'),
 (10,5,0,'2021-02-14T02:51:21.629Z'),
 (11,10,0,'2021-07-22T13:43:47.782Z'),
 (12,12,0,'2020-12-08T15:28:37.281Z'),
 (13,11,0,'2021-08-09T11:47:05.518Z'),
 (14,8,0,'2021-01-31T07:37:50.177Z'),
 (15,4,0,'2020-11-19T17:48:55.857Z'),
 (16,17,0,'2021-01-27T22:15:59.951Z'),
 (17,12,0,'2021-05-01T12:09:14.122Z'),
 (18,16,0,'2020-12-22T05:09:27.218Z'),
 (19,4,0,'2021-07-28T14:23:36.949Z'),
 (20,5,0,'2021-02-16T05:30:45.883Z'),
 (21,19,0,'2021-07-28T20:07:08.433Z'),
 (22,16,0,'2021-06-18T01:32:31.732Z'),
 (23,10,0,'2021-05-01T19:11:17.678Z'),
 (24,5,0,'2021-08-18T01:49:12.627Z'),
 (25,3,0,'2020-12-29T23:14:56.259Z'),
 (26,16,0,'2021-01-29T15:27:52.417Z'),
 (27,15,0,'2021-07-17T18:29:27.844Z'),
 (28,7,0,'2020-10-18T16:39:56.914Z'),
 (29,4,0,'2021-03-23T07:17:04.125Z'),
 (30,14,0,'2020-12-05T01:53:24.891Z'),
 (31,6,0,'2021-04-21T15:08:11.823Z'),
 (32,3,0,'2021-09-25T08:58:43.496Z'),
 (33,8,0,'2020-11-19T14:20:05.301Z'),
 (34,11,0,'2021-09-11T10:41:28.143Z'),
 (35,16,0,'2021-09-04T16:14:58.775Z'),
 (36,16,0,'2021-03-24T04:19:21.630Z'),
 (37,18,0,'2021-04-01T23:41:55.668Z'),
 (38,13,0,'2021-04-23T11:30:14.225Z'),
 (39,19,0,'2021-03-18T01:35:14.888Z'),
 (40,18,0,'2021-03-12T15:27:23.417Z'),
 (41,13,0,'2021-03-10T00:28:17.314Z'),
 (42,12,0,'2021-01-29T10:53:41.675Z'),
 (43,16,0,'2020-12-12T12:53:09.359Z'),
 (44,4,0,'2021-01-18T09:43:29.342Z'),
 (45,18,0,'2021-09-15T18:35:37.030Z'),
 (46,4,0,'2020-11-08T06:32:26.314Z'),
 (47,3,0,'2020-10-25T21:03:55.923Z'),
 (48,17,0,'2020-12-11T09:00:52.999Z'),
 (49,15,0,'2021-09-01T11:26:45.881Z'),
 (50,7,0,'2021-08-26T13:05:30.563Z'),
 (51,2,0,'2021-03-09T05:00:54.762Z'),
 (52,5,0,'2021-10-06T01:49:26.989Z'),
 (53,17,0,'2021-06-16T02:28:19.399Z'),
 (54,14,0,'2021-09-20T05:37:39.591Z'),
 (55,6,0,'2021-08-14T06:41:05.616Z'),
 (56,3,0,'2020-10-27T11:28:17.117Z'),
 (57,12,0,'2021-02-19T23:03:09.193Z'),
 (58,1,0,'2021-07-02T01:22:52.377Z'),
 (59,4,0,'2021-02-17T18:40:08.643Z'),
 (60,1,0,'2021-06-18T20:20:39.016Z'),
 (61,1,0,'2021-04-21T03:47:11.401Z'),
 (62,18,0,'2021-02-04T02:16:29.257Z'),
 (63,4,0,'2021-08-31T06:39:21.205Z'),
 (64,14,0,'2021-03-19T05:48:49.291Z'),
 (65,6,0,'2020-12-11T10:17:13.787Z'),
 (66,11,0,'2021-02-03T07:03:47.685Z'),
 (67,4,0,'2021-01-22T11:02:12.521Z'),
 (68,1,0,'2021-02-22T03:33:37.689Z'),
 (69,7,0,'2021-01-16T20:11:53.960Z'),
 (70,17,0,'2021-03-01T20:00:50.923Z'),
 (71,15,0,'2020-11-27T03:49:00.099Z'),
 (72,6,0,'2021-09-11T03:04:48.195Z'),
 (73,12,0,'2021-09-03T03:27:58.106Z'),
 (74,4,0,'2021-04-09T21:06:27.855Z'),
 (75,1,0,'2021-01-07T23:21:06.878Z'),
 (76,3,0,'2021-03-22T06:50:44.692Z'),
 (77,19,0,'2021-03-06T23:36:45.325Z'),
 (78,16,0,'2021-05-13T20:24:56.234Z'),
 (79,18,0,'2021-10-13T04:12:12.390Z'),
 (80,11,0,'2021-08-16T06:28:58.821Z'),
 (81,15,0,'2020-10-26T13:18:16.635Z'),
 (82,18,0,'2021-07-01T15:40:38.756Z'),
 (83,17,0,'2020-11-27T03:47:13.698Z'),
 (84,10,0,'2020-10-31T10:09:00.804Z'),
 (85,17,0,'2021-08-06T05:02:52.675Z'),
 (86,18,0,'2021-01-20T07:45:22.630Z'),
 (87,16,0,'2020-11-30T01:42:00.149Z'),
 (88,15,0,'2021-01-19T14:47:43.273Z'),
 (89,19,0,'2021-04-25T17:44:52.734Z'),
 (90,3,0,'2021-01-13T09:32:50.322Z'),
 (91,8,0,'2021-06-11T18:22:49.241Z'),
 (92,19,0,'2021-03-13T14:20:54.049Z'),
 (93,11,0,'2021-07-19T03:53:09.642Z'),
 (94,12,0,'2020-11-15T02:57:01.247Z'),
 (95,17,0,'2021-05-05T00:52:26.077Z'),
 (96,18,0,'2020-12-01T05:22:30.170Z'),
 (97,17,0,'2020-12-18T08:38:02.517Z'),
 (98,10,0,'2021-05-28T04:22:01.896Z'),
 (99,6,0,'2021-10-02T14:06:27.017Z');
